"Reference","Value","Footprint","QUANTITY"
"C1,C2","4u7","Capacitor_SMD:C_0402_1005Metric","2"
"C3,C4","1u","Capacitor_SMD:C_0402_1005Metric","2"
"C5,C7-C10","100n","Capacitor_SMD:C_0402_1005Metric","5"
"C6","10u","Capacitor_SMD:C_0402_1005Metric","1"
"D1","GRN","LED_SMD:LED_0402_1005Metric","1"
"J1","USB-C 16P","Connector_USB:USB_C_Receptacle_G-Switch_GT-USB-7010ASV","1"
"J2","BAT","pen-mixer:SolderPad_1.2x2.0mm","1"
"J3","FSR","pen-mixer:SolderPad_1.2x2.0mm","1"
"R1,R2","5k1","Resistor_SMD:R_0402_1005Metric","2"
"R3","20k","Resistor_SMD:R_0402_1005Metric","1"
"R4","1k","Resistor_SMD:R_0402_1005Metric","1"
"R5","10k","Resistor_SMD:R_0402_1005Metric","1"
"R6,R7","4k7","Resistor_SMD:R_0402_1005Metric","2"
"R8,R9","1M","Resistor_SMD:R_0402_1005Metric","2"
"TP1","SWDIO","pen-mixer:TestPad_1.0mm","1"
"TP2","SWDCLK","pen-mixer:TestPad_1.0mm","1"
"TP4","GND","pen-mixer:TestPad_1.0mm","1"
"TP5","+3V3","pen-mixer:TestPad_1.0mm","1"
"U1","ISP1807-LR","pen-mixer:ISP1807-LR","1"
"U2","LSM6DS3TR-C","Package_LGA:LGA-14_3x2.5mm_P0.5mm_LayoutBorder3x4y","1"
"U3","MCP73831T-2ACI/OT","Package_TO_SOT_SMD:SOT-23-5","1"
"U4","TPS7A0533PDBV","Package_TO_SOT_SMD:SOT-23-5","1"
