Ref,Val,Package,PosX,PosY,Rot,Side
"J2","BAT","SolderPad_1.2x2.0mm",102.195200,-44.035200,90.000000,bottom
"TP1","SWDIO","TestPad_1.0mm",99.195200,-53.035200,0.000000,bottom
"TP2","SWDCLK","TestPad_1.0mm",101.195200,-53.035200,0.000000,bottom
"TP4","GND","TestPad_1.0mm",103.195200,-53.035200,0.000000,bottom
"TP5","+3V3","TestPad_1.0mm",105.195200,-53.035200,0.000000,bottom
"C1","4u7","C_0402_1005Metric",104.995200,-61.185200,90.000000,top
"C2","4u7","C_0402_1005Metric",104.695200,-63.635200,90.000000,top
"C3","1u","C_0402_1005Metric",97.695200,-61.185200,90.000000,top
"C4","1u","C_0402_1005Metric",99.695200,-61.185200,90.000000,top
"C5","100n","C_0402_1005Metric",98.695200,-55.835200,0.000000,top
"C6","10u","C_0402_1005Metric",102.695200,-55.835200,0.000000,top
"C7","100n","C_0402_1005Metric",100.695200,-55.835200,0.000000,top
"C8","100n","C_0402_1005Metric",104.695200,-55.835200,0.000000,top
"C10","100n","C_0402_1005Metric",102.195200,-66.335200,90.000000,top
"C11","100n","C_0402_1005Metric",107.395200,-67.735200,0.000000,top
"D1","GRN","LED_0402_1005Metric",99.095200,-67.035200,0.000000,top
"J1","USB-C 16P","USB_C_Receptacle_G-Switch_GT-USB-7010ASV",102.195200,-73.175200,0.000000,top
"LED1","XL-1010RGBC","LED-SMD_4P-L1.0-W1.0-TL_XL-1010RGBC-WS2812B",107.595200,-63.435200,0.000000,top
"LED2","XL-1010RGBC","LED-SMD_4P-L1.0-W1.0-TL_XL-1010RGBC-WS2812B",107.595200,-65.835200,0.000000,top
"R1","5k1","R_0402_1005Metric",97.095200,-67.185200,90.000000,top
"R2","5k1","R_0402_1005Metric",100.895200,-67.185200,90.000000,top
"R3","20k","R_0402_1005Metric",102.695200,-63.635200,90.000000,top
"R4","1k","R_0402_1005Metric",105.695200,-63.635200,90.000000,top
"R6","4k7","R_0402_1005Metric",101.695200,-61.185200,90.000000,top
"R7","4k7","R_0402_1005Metric",103.695200,-61.185200,90.000000,top
"R8","1M","R_0402_1005Metric",104.195200,-66.335200,90.000000,top
"R9","1M","R_0402_1005Metric",105.895200,-66.335200,90.000000,top
"SW1","EVQP7C01P","SW-SMD_EVQP7C01P",107.045200,-57.935200,90.000000,top
"U1","ISP1807-LR","BULETM-SMD_ISP1807",102.195200,-50.485200,180.000000,top
"U2","LSM6DS3TR-C","LGA-14_3x2.5mm_P0.5mm_LayoutBorder3x4y",98.995200,-58.135200,0.000000,top
"U3","MCP73831T-2ACI/OT","SOT-23-5",99.095200,-64.335200,0.000000,top
"U4","TPS7A0533PDBV","SOT-23-5",102.895200,-58.435200,0.000000,top
