Designator,Mid X,Mid Y,Layer,Rotation
J2,102.1952mm,-44.0352mm,B,90.000000
TP1,99.1952mm,-53.0352mm,B,0.000000
TP2,101.1952mm,-53.0352mm,B,0.000000
TP4,103.1952mm,-53.0352mm,B,0.000000
TP5,105.1952mm,-53.0352mm,B,0.000000
C1,104.9952mm,-61.1852mm,T,90.000000
C2,104.6952mm,-63.6352mm,T,90.000000
C3,97.6952mm,-61.1852mm,T,90.000000
C4,99.6952mm,-61.1852mm,T,90.000000
C5,98.6952mm,-55.8352mm,T,0.000000
C6,102.6952mm,-55.8352mm,T,0.000000
C7,100.6952mm,-55.8352mm,T,0.000000
C8,104.6952mm,-55.8352mm,T,0.000000
C10,102.1952mm,-66.3352mm,T,90.000000
C11,107.3952mm,-67.7352mm,T,0.000000
D1,99.0952mm,-67.0352mm,T,0.000000
J1,102.1952mm,-73.1752mm,T,0.000000
LED1,107.5952mm,-63.4352mm,T,0.000000
LED2,107.5952mm,-65.8352mm,T,0.000000
R1,97.0952mm,-67.1852mm,T,90.000000
R2,100.8952mm,-67.1852mm,T,90.000000
R3,102.6952mm,-63.6352mm,T,90.000000
R4,105.6952mm,-63.6352mm,T,90.000000
R6,101.6952mm,-61.1852mm,T,90.000000
R7,103.6952mm,-61.1852mm,T,90.000000
R8,104.1952mm,-66.3352mm,T,90.000000
R9,105.8952mm,-66.3352mm,T,90.000000
SW1,107.0452mm,-57.9352mm,T,90.000000
U1,102.1952mm,-50.4852mm,T,180.000000
U2,98.9952mm,-58.1352mm,T,0.000000
U3,99.0952mm,-64.3352mm,T,0.000000
U4,102.8952mm,-58.4352mm,T,0.000000
