Comment,Designator,Footprint,LCSC Part #,MPN,Manufacturer,Quantity,Notes
4u7,"C1,C2",Capacitor_SMD:C_0402_1005Metric,C23733,CL05A475MP5NRNC,Samsung Electro-Mechanics,2,
1u,"C3,C4",Capacitor_SMD:C_0402_1005Metric,C52923,CL05A105KA5NQNC,Samsung Electro-Mechanics,2,
100n,"C5,C7,C8,C10,C11",Capacitor_SMD:C_0402_1005Metric,C1525,CL05B104KO5NNNC,Samsung Electro-Mechanics,5,
10u,C6,Capacitor_SMD:C_0402_1005Metric,C23692971,CGA0402X5R106M6R3GT,TDK,1,
GRN,D1,LED_SMD:LED_0402_1005Metric,C130723,NCD0402G1,Foshan NationStar,1,
USB-C 16P,J1,Connector_USB:USB_C_Receptacle_G-Switch_GT-USB-7010ASV,C2988369,GT-USB-7010ASV,G-Switch,1,
BAT,J2,pen-mixer:SolderPad_1.2x2.0mm,,,,1,
XL-1010RGBC,"LED1,LED2",pen-mixer:LED-SMD_4P-L1.0-W1.0-TL_XL-1010RGBC-WS2812B,C5349953,XL-1010RGBC-2812B,XINGLIGHT,2,
5k1,"R1,R2",Resistor_SMD:R_0402_1005Metric,C25905,0402WGF5101TCE,UNI-ROYAL,2,
20k,R3,Resistor_SMD:R_0402_1005Metric,C25765,0402WGF2002TCE,UNI-ROYAL,1,
1k,R4,Resistor_SMD:R_0402_1005Metric,C11702,0402WGF1001TCE,UNI-ROYAL,1,
4k7,"R6,R7",Resistor_SMD:R_0402_1005Metric,C25900,0402WGF4701TCE,UNI-ROYAL,2,
1M,"R8,R9",Resistor_SMD:R_0402_1005Metric,C26083,0402WGF1004TCE,UNI-ROYAL,2,
EVQP7C01P,SW1,pen-mixer:SW-SMD_EVQP7C01P,C388883,EVQP7C01P,PANASONIC,1,
SWDIO,TP1,pen-mixer:TestPad_1.0mm,,,,1,
SWDCLK,TP2,pen-mixer:TestPad_1.0mm,,,,1,
GND,TP4,pen-mixer:TestPad_1.0mm,,,,1,
+3V3,TP5,pen-mixer:TestPad_1.0mm,,,,1,
ISP1807-LR,U1,pen-mixer:BULETM-SMD_ISP1807,C5264268,ISP1807-LR-RS,Insight SiP,1,
LSM6DS3TR-C,U2,Package_LGA:LGA-14_3x2.5mm_P0.5mm_LayoutBorder3x4y,C967633,LSM6DS3TR-C,STMicroelectronics,1,
MCP73831T-2ACI/OT,U3,Package_TO_SOT_SMD:SOT-23-5,C424093,MCP73831T-2ACI/OT,Microchip,1,
TPS7A0533PDBV,U4,Package_TO_SOT_SMD:SOT-23-5,C493453,TPS7A0533PDBVR,Texas Instruments,1,
